﻿<?xml version="1.0" encoding="utf-8"?>
<Defs>

	<ThingDef Name="PlantKaixinBase" Abstract="True">
		<category>Plant</category>
		<thingClass>Plant</thingClass>
		<altitudeLayer>LowPlant</altitudeLayer>
		<useHitPoints>True</useHitPoints>
		<statBases>
			<Flammability>1</Flammability>
		</statBases>
		<tickerType>Long</tickerType>
		<selectable>False</selectable>
		<neverMultiSelect>True</neverMultiSelect>
		<drawerType>MapMeshOnly</drawerType>
		<pathCostIgnoreRepeat>false</pathCostIgnoreRepeat>
		<graphicData>
			<shaderType>CutoutPlant</shaderType>
			<graphicClass>Graphic_Random</graphicClass>
		</graphicData>
		<ingestible>
			<foodType>Plant</foodType>
			<preferability>RawBad</preferability>
		</ingestible>
		<plant>
			<fertilityMin>0.7</fertilityMin>
			<fertilitySensitivity>1.0</fertilitySensitivity>
			<soundHarvesting>Harvest_Standard</soundHarvesting>
			<soundHarvestFinish>Harvest_Standard_Finish</soundHarvestFinish>
			<sowWork>170</sowWork>
			<harvestWork>250</harvestWork>
			<visualSizeRange>0.3~1.0</visualSizeRange>
			<topWindExposure>0.1</topWindExposure>
		</plant>
	</ThingDef>


	<ThingDef ParentName="PlantKaixinBase">
		<defName>PlantKaixin</defName>
		<label>开心果树</label>
		<description>开心果树，果实是开心果。</description>
		<statBases>
			<MaxHitPoints>85</MaxHitPoints>
			<Beauty>1</Beauty>
			<Nutrition>0.2</Nutrition>
		</statBases>
		<graphicData>
			<texPath>Things/Plant/StrawberryPlant</texPath>
			<graphicClass>Graphic_Random</graphicClass>
		</graphicData>
		<selectable>true</selectable>
		<pathCost>10</pathCost>
		<ingestible />
		<plant>
			<!-- <growMinGlow>0</growMinGlow> --><!--生长最低光照-->
			<!-- <growOptimalGlow>0</growOptimalGlow> --><!--生长最佳光照-->
			<!-- <fertilitySensitivity>0</fertilitySensitivity> --><!--肥沃敏感度-->
			<!-- <fertilityMin>1</fertilityMin> --><!--最低肥沃度-->
			<dieIfLeafless>true</dieIfLeafless>
			<harvestTag>Standard</harvestTag>
			<harvestedThingDef>RawKaixin</harvestedThingDef>
			<harvestYield>1</harvestYield>
			<immatureGraphicPath>Things/Plant/StrawberryPlant</immatureGraphicPath>
			<sowMinSkill>8</sowMinSkill>
			<sowTags>
				<li>Ground</li>
				<li>Hydroponic</li>
			</sowTags>
			<topWindExposure>0.1</topWindExposure>
			<growDays>5</growDays>
			<visualSizeRange>0.3~1.05</visualSizeRange>
			<wildOrder>2</wildOrder>
			<purpose>Food</purpose>
		</plant>
	</ThingDef>

	<ThingDef ParentName="PlantBase">
		<defName>PlantCIWSSanQi</defName>
		<label>三七</label>
		<description>五加科人参属多年生直立草本植物，对种植技能没有要求。</description>
		<statBases>
			<MaxHitPoints>85</MaxHitPoints>
			<Nutrition>0.15</Nutrition>
		</statBases>
		<graphicData>
			<texPath>Things/Plant/CIWSSanQi</texPath>
			<graphicClass>Graphic_Random</graphicClass>
		</graphicData>
		<selectable>true</selectable>
		<pathCost>10</pathCost>
		<ingestible />
		<plant>
			<fertilitySensitivity>1.0</fertilitySensitivity>
			<growDays>6.5</growDays>
			<dieIfLeafless>true</dieIfLeafless>
			<harvestTag>Standard</harvestTag>
			<harvestedThingDef>CIWSSanQiFen</harvestedThingDef>
			<harvestYield>1</harvestYield>
			<sowTags>
				<li>Ground</li>
				<li>Hydroponic</li>
			</sowTags>
			<!-- <sowResearchPrerequisites>
        <li>Healroot</li>
      </sowResearchPrerequisites>-->
			<topWindExposure>0.1</topWindExposure>
			<immatureGraphicPath>Things/Plant/CIWSSanQi</immatureGraphicPath>
			<visualSizeRange>0.3~1.0</visualSizeRange>
			<wildOrder>2</wildOrder>
			<purpose>Health</purpose>
		</plant>
	</ThingDef>

	<ThingDef ParentName="PlantBase">
		<defName>PlantLongSheLan</defName>
		<label>龙舌兰</label>
		<description>宽大叶子的沙漠植物，花和茎可以食用。</description>
		<statBases>
			<MaxHitPoints>120</MaxHitPoints>
			<Nutrition>0.2</Nutrition>
		</statBases>
		<graphicData>
			<texPath>Things/Plant/Agave</texPath>
			<graphicClass>Graphic_Random</graphicClass>
			<shadowData>
				<volume>(0.2, 0.6, 0.2)</volume>
			</shadowData>
		</graphicData>
		<selectable>true</selectable>
		<fillPercent>0.20</fillPercent>
		<pathCost>30</pathCost>
		<ingestible />
		<plant>
			<fertilitySensitivity>0.5</fertilitySensitivity>
			<growDays>3</growDays>
			<dieIfLeafless>true</dieIfLeafless>
			<harvestTag>Standard</harvestTag>
			<harvestedThingDef>RawAgave</harvestedThingDef>
			<harvestYield>5</harvestYield>
			<immatureGraphicPath>Things/Plant/Agave</immatureGraphicPath>
			<sowTags>
				<li>Ground</li>
				<li>Hydroponic</li>
			</sowTags>
			<visualSizeRange>0.7~1.1</visualSizeRange>
			<wildOrder>2</wildOrder>
			<topWindExposure>0.3</topWindExposure>
			<purpose>Food</purpose>
		</plant>
	</ThingDef>

</Defs>
